english,meowian
I,mow
eat,purr
cheese,grr
is,hiss
the,mew
best,mewow
food,meow
a,mowew
cat,purreow
without,hissowl
very,mewurr
sad,purrow
do,grreow
you,grrurr
have,yowl
I eat cheese,mow purr grr
cat eat cheese, urreow purr grr
cat is sad,purreow hiss purrow
the best food,mew mewow meow
i eat cheese,mow purr grr
cheese is the best food,grr hiss mew mewow meow
a cat without cheese is very sad,mowew purreow hissowl grr hiss mewurr purrow
do you have cheese,grreow grrurr yowl grr
i eat cheese cheese is the best food,mow purr grr grr hiss mew mewow meow
a cat without cheese is very sad do you have cheese,mowew purreow hissowl grr hiss mewurr purrow grreow grrurr yowl grr
i eat cheese cheese is the best food a cat without cheese is very sad do you have cheese,mow purr grr grr hiss mew mewow meow mowew purreow hissowl grr hiss mewurr purrow grreow grrurr yowl grr